season,round,race_name,circuit_id,circuit_name,driver_id,constructor_id,grid_position,quali_gap_to_pole,grid_position_weighted,current_points,current_position,avg_points_per_race,avg_finish_position,races_completed,wins,podiums,poles,recent_top3_rate,last_race_finish,last_race_points,momentum,constructor_avg_finish,constructor_avg_points,driver_track_history,constructor_development_rate,track_overtaking_index,season_weight,finish_position,points,dnf_flag
2026,1,Australian Grand Prix,,Australian Grand Prix,russell,mercedes,1.0,0.0,0.4,0.0,999,,,0,0,0,0,,,,,,,7.587719298245614,,0.6,1.0,1.0,25.0,
2026,1,Australian Grand Prix,,Australian Grand Prix,antonelli,mercedes,2.0,0.293,0.8,0.0,999,,,0,0,0,0,,,,,,,9.833333333333334,,0.6,1.0,2.0,18.0,
2026,1,Australian Grand Prix,,Australian Grand Prix,leclerc,ferrari,4.0,0.809,1.6,0.0,999,,,0,0,0,0,,,,,,,6.517543859649122,,0.6,1.0,3.0,15.0,
2026,1,Australian Grand Prix,,Australian Grand Prix,hamilton,ferrari,7.0,0.96,2.8000000000000003,0.0,999,,,0,0,0,0,,,,,,,6.271929824561403,,0.6,1.0,4.0,12.0,
2026,1,Australian Grand Prix,,Australian Grand Prix,norris,mclaren,6.0,0.957,2.4000000000000004,0.0,999,,,0,0,0,0,,,,,,,6.385964912280702,,0.6,1.0,5.0,10.0,
2026,1,Australian Grand Prix,,Australian Grand Prix,max_verstappen,red_bull,20.0,,8.0,0.0,999,,,0,0,0,0,,,,,,,3.254385964912281,,0.6,1.0,6.0,8.0,
2026,1,Australian Grand Prix,,Australian Grand Prix,bearman,haas,12.0,1.793,4.800000000000001,0.0,999,,,0,0,0,0,,,,,,,11.555555555555555,,0.6,1.0,7.0,6.0,
2026,1,Australian Grand Prix,,Australian Grand Prix,arvid_lindblad,rb,9.0,2.729,3.6,0.0,999,,,0,0,0,0,,,,,,,,,0.6,1.0,8.0,4.0,
2026,1,Australian Grand Prix,,Australian Grand Prix,bortoleto,audi,10.0,1.703,4.0,0.0,999,,,0,0,0,0,,,,,,,14.25,,0.6,1.0,9.0,2.0,
2026,1,Australian Grand Prix,,Australian Grand Prix,gasly,alpine,14.0,1.983,5.6000000000000005,0.0,999,,,0,0,0,0,,,,,,,12.052631578947368,,0.6,1.0,10.0,1.0,
2026,1,Australian Grand Prix,,Australian Grand Prix,ocon,haas,13.0,1.973,5.2,0.0,999,,,0,0,0,0,,,,,,,11.539823008849558,,0.6,1.0,11.0,0.0,
2026,1,Australian Grand Prix,,Australian Grand Prix,albon,williams,15.0,2.423,6.0,0.0,999,,,0,0,0,0,,,,,,,12.956043956043956,,0.6,1.0,12.0,0.0,
2026,1,Australian Grand Prix,,Australian Grand Prix,lawson,rb,8.0,1.476,3.2,0.0,999,,,0,0,0,0,,,,,,,12.82857142857143,,0.6,1.0,13.0,0.0,
2026,1,Australian Grand Prix,,Australian Grand Prix,colapinto,alpine,16.0,2.752,6.4,0.0,999,,,0,0,0,0,,,,,,,15.222222222222221,,0.6,1.0,14.0,0.0,
2026,1,Australian Grand Prix,,Australian Grand Prix,sainz,williams,21.0,,8.4,0.0,999,,,0,0,0,0,,,,,,,8.0,,0.6,1.0,15.0,0.0,
2026,1,Australian Grand Prix,,Australian Grand Prix,perez,cadillac,18.0,4.087,7.2,0.0,999,,,0,0,0,0,,,,,,,7.166666666666667,,0.6,1.0,16.0,0.0,
2026,1,Australian Grand Prix,,Australian Grand Prix,stroll,aston_martin,22.0,,8.8,0.0,999,,,0,0,0,0,,,,,,,12.410714285714286,,0.6,1.0,17.0,0.0,
2026,1,Australian Grand Prix,,Australian Grand Prix,alonso,aston_martin,17.0,3.451,6.800000000000001,0.0,999,,,0,0,0,0,,,,,,,9.929824561403509,,0.6,1.0,18.0,0.0,
2026,1,Australian Grand Prix,,Australian Grand Prix,bottas,cadillac,19.0,4.726,7.6000000000000005,0.0,999,,,0,0,0,0,,,,,,,12.4,,0.6,1.0,19.0,0.0,
2026,1,Australian Grand Prix,,Australian Grand Prix,hadjar,red_bull,3.0,0.785,1.2000000000000002,0.0,999,,,0,0,0,0,,,,,,,11.791666666666666,,0.6,1.0,20.0,0.0,
2026,1,Australian Grand Prix,,Australian Grand Prix,piastri,mclaren,5.0,0.862,2.0,0.0,999,,,0,0,0,0,,,,,,,6.628571428571429,,0.6,1.0,21.0,0.0,
2026,1,Australian Grand Prix,,Australian Grand Prix,hulkenberg,audi,11.0,1.785,4.4,0.0,999,,,0,0,0,0,,,,,,,12.98611111111111,,0.6,1.0,22.0,0.0,
2026,2,Chinese Grand Prix,,Chinese Grand Prix,antonelli,mercedes,1.0,0.0,0.30000000000000004,18.0,2,18.0,2.0,1,0,1,0,1.0,2.0,18.0,,1.5,21.5,9.833333333333334,,0.7,1.0,1.0,25.0,0.0
2026,2,Chinese Grand Prix,,Chinese Grand Prix,russell,mercedes,2.0,0.222,0.6000000000000001,25.0,1,25.0,1.0,1,1,1,1,1.0,1.0,25.0,,1.5,21.5,7.587719298245614,,0.7,1.0,2.0,18.0,0.0
2026,2,Chinese Grand Prix,,Chinese Grand Prix,hamilton,ferrari,3.0,0.351,0.9000000000000001,12.0,4,12.0,4.0,1,0,0,0,0.0,4.0,12.0,,3.5,13.5,6.271929824561403,,0.7,1.0,3.0,15.0,0.0
2026,2,Chinese Grand Prix,,Chinese Grand Prix,leclerc,ferrari,4.0,0.364,1.2000000000000002,15.0,3,15.0,3.0,1,0,1,0,1.0,3.0,15.0,,3.5,13.5,6.517543859649122,,0.7,1.0,4.0,12.0,0.0
2026,2,Chinese Grand Prix,,Chinese Grand Prix,bearman,haas,10.0,1.228,3.0000000000000004,6.0,7,6.0,7.0,1,0,0,0,0.0,7.0,6.0,,9.0,3.0,11.555555555555555,,0.7,1.0,5.0,10.0,0.0
2026,2,Chinese Grand Prix,,Chinese Grand Prix,gasly,alpine,7.0,0.809,2.1000000000000005,1.0,10,1.0,10.0,1,0,0,0,0.0,10.0,1.0,,12.0,0.5,12.052631578947368,,0.7,1.0,6.0,8.0,0.0
2026,2,Chinese Grand Prix,,Chinese Grand Prix,lawson,rb,14.0,1.701,4.200000000000001,0.0,13,0.0,13.0,1,0,0,0,0.0,13.0,0.0,,10.5,2.0,12.82857142857143,,0.7,1.0,7.0,6.0,0.0
2026,2,Chinese Grand Prix,,Chinese Grand Prix,hadjar,red_bull,9.0,1.057,2.7,0.0,20,0.0,20.0,1,0,0,0,0.0,20.0,0.0,,13.0,4.0,11.791666666666666,,0.7,1.0,8.0,4.0,1.0
2026,2,Chinese Grand Prix,,Chinese Grand Prix,sainz,williams,17.0,2.253,5.1000000000000005,0.0,15,0.0,15.0,1,0,0,0,0.0,15.0,0.0,,13.5,0.0,8.0,,0.7,1.0,9.0,2.0,0.0
2026,2,Chinese Grand Prix,,Chinese Grand Prix,colapinto,alpine,12.0,1.293,3.6000000000000005,0.0,14,0.0,14.0,1,0,0,0,0.0,14.0,0.0,,12.0,0.5,15.222222222222221,,0.7,1.0,10.0,1.0,0.0
2026,2,Chinese Grand Prix,,Chinese Grand Prix,hulkenberg,audi,11.0,1.29,3.3000000000000007,0.0,22,0.0,22.0,1,0,0,0,0.0,22.0,0.0,,15.5,1.0,12.98611111111111,,0.7,1.0,11.0,0.0,1.0
2026,2,Chinese Grand Prix,,Chinese Grand Prix,arvid_lindblad,rb,15.0,1.72,4.500000000000001,4.0,8,4.0,8.0,1,0,0,0,0.0,8.0,4.0,,10.5,2.0,,,0.7,1.0,12.0,0.0,0.0
2026,2,Chinese Grand Prix,,Chinese Grand Prix,bottas,cadillac,19.0,3.372,5.700000000000001,0.0,19,0.0,19.0,1,0,0,0,0.0,19.0,0.0,,17.5,0.0,12.4,,0.7,1.0,13.0,0.0,1.0
2026,2,Chinese Grand Prix,,Chinese Grand Prix,ocon,haas,13.0,1.474,3.9000000000000004,0.0,11,0.0,11.0,1,0,0,0,0.0,11.0,0.0,,9.0,3.0,11.539823008849558,,0.7,1.0,14.0,0.0,0.0
2026,2,Chinese Grand Prix,,Chinese Grand Prix,perez,cadillac,21.0,4.842,6.300000000000001,0.0,16,0.0,16.0,1,0,0,0,0.0,16.0,0.0,,17.5,0.0,7.166666666666667,,0.7,1.0,15.0,0.0,0.0
2026,2,Chinese Grand Prix,,Chinese Grand Prix,max_verstappen,red_bull,8.0,0.938,2.4000000000000004,8.0,6,8.0,6.0,1,0,0,0,0.0,6.0,8.0,,13.0,4.0,3.254385964912281,,0.7,1.0,16.0,0.0,0.0
2026,2,Chinese Grand Prix,,Chinese Grand Prix,alonso,aston_martin,18.0,3.139,5.4,0.0,18,0.0,18.0,1,0,0,0,0.0,18.0,0.0,,17.5,0.0,9.929824561403509,,0.7,1.0,17.0,0.0,1.0
2026,2,Chinese Grand Prix,,Chinese Grand Prix,stroll,aston_martin,20.0,3.931,6.000000000000001,0.0,17,0.0,17.0,1,0,0,0,0.0,17.0,0.0,,17.5,0.0,12.410714285714286,,0.7,1.0,18.0,0.0,0.0
2026,2,Chinese Grand Prix,,Chinese Grand Prix,piastri,mclaren,5.0,0.486,1.5000000000000002,0.0,21,0.0,21.0,1,0,0,0,0.0,21.0,0.0,,13.0,5.0,6.628571428571429,,0.7,1.0,19.0,0.0,1.0
2026,2,Chinese Grand Prix,,Chinese Grand Prix,norris,mclaren,6.0,0.544,1.8000000000000003,10.0,5,10.0,5.0,1,0,0,0,0.0,5.0,10.0,,13.0,5.0,6.385964912280702,,0.7,1.0,20.0,0.0,0.0
2026,2,Chinese Grand Prix,,Chinese Grand Prix,bortoleto,audi,16.0,1.901,4.800000000000001,2.0,9,2.0,9.0,1,0,0,0,0.0,9.0,2.0,,15.5,1.0,14.25,,0.7,1.0,21.0,0.0,0.0
2026,2,Chinese Grand Prix,,Chinese Grand Prix,albon,williams,22.0,2.708,6.600000000000001,0.0,12,0.0,12.0,1,0,0,0,0.0,12.0,0.0,,13.5,0.0,12.956043956043956,,0.7,1.0,22.0,0.0,0.0
2026,3,Japanese Grand Prix,,Japanese Grand Prix,antonelli,mercedes,1.0,0.0,0.6,43.0,1,21.5,1.5,2,1,2,1,1.0,1.0,25.0,7.0,1.5,21.5,9.833333333333334,43.0,0.4,1.0,1.0,25.0,0.0
2026,3,Japanese Grand Prix,,Japanese Grand Prix,piastri,mclaren,3.0,0.354,1.7999999999999998,0.0,22,0.0,20.0,2,0,0,0,0.0,19.0,0.0,0.0,16.25,2.5,6.628571428571429,5.0,0.4,1.0,2.0,18.0,1.0
2026,3,Japanese Grand Prix,,Japanese Grand Prix,leclerc,ferrari,4.0,0.627,2.4,27.0,4,13.5,3.5,2,0,1,0,0.5,4.0,12.0,-3.0,3.5,13.5,6.517543859649122,27.0,0.4,1.0,3.0,15.0,0.0
2026,3,Japanese Grand Prix,,Japanese Grand Prix,russell,mercedes,2.0,0.298,1.2,43.0,2,21.5,1.5,2,1,2,1,1.0,2.0,18.0,-7.0,1.5,21.5,7.587719298245614,43.0,0.4,1.0,4.0,12.0,0.0
2026,3,Japanese Grand Prix,,Japanese Grand Prix,norris,mclaren,5.0,0.631,3.0,10.0,6,5.0,12.5,2,0,0,0,0.0,20.0,0.0,-10.0,16.25,2.5,6.385964912280702,5.0,0.4,1.0,5.0,10.0,0.5
2026,3,Japanese Grand Prix,,Japanese Grand Prix,hamilton,ferrari,6.0,0.789,3.5999999999999996,27.0,3,13.5,3.5,2,0,1,0,0.5,3.0,15.0,3.0,3.5,13.5,6.271929824561403,27.0,0.4,1.0,6.0,8.0,0.0
2026,3,Japanese Grand Prix,,Japanese Grand Prix,gasly,alpine,7.0,0.913,4.2,9.0,7,4.5,8.0,2,0,0,0,0.0,6.0,8.0,7.0,10.0,2.5,12.052631578947368,5.0,0.4,1.0,7.0,6.0,0.0
2026,3,Japanese Grand Prix,,Japanese Grand Prix,max_verstappen,red_bull,11.0,1.484,6.6,8.0,8,4.0,11.0,2,0,0,0,0.0,16.0,0.0,-8.0,12.5,3.0,3.254385964912281,6.0,0.4,1.0,8.0,4.0,0.5
2026,3,Japanese Grand Prix,,Japanese Grand Prix,lawson,rb,14.0,1.717,8.4,6.0,9,3.0,10.0,2,0,0,0,0.0,7.0,6.0,6.0,10.0,2.5,12.82857142857143,5.0,0.4,1.0,9.0,2.0,0.0
2026,3,Japanese Grand Prix,,Japanese Grand Prix,ocon,haas,12.0,1.531,7.199999999999999,0.0,15,0.0,12.5,2,0,0,0,0.0,14.0,0.0,0.0,9.25,4.0,11.539823008849558,8.0,0.4,1.0,10.0,1.0,0.0
2026,3,Japanese Grand Prix,,Japanese Grand Prix,hulkenberg,audi,13.0,1.609,7.8,0.0,18,0.0,16.5,2,0,0,0,0.0,11.0,0.0,0.0,15.75,0.5,12.98611111111111,1.0,0.4,1.0,11.0,0.0,0.5
2026,3,Japanese Grand Prix,,Japanese Grand Prix,hadjar,red_bull,8.0,1.2,4.8,4.0,11,2.0,14.0,2,0,0,0,0.0,8.0,4.0,4.0,12.5,3.0,11.791666666666666,6.0,0.4,1.0,12.0,0.0,0.5
2026,3,Japanese Grand Prix,,Japanese Grand Prix,bortoleto,audi,9.0,1.496,5.3999999999999995,2.0,13,1.0,15.0,2,0,0,0,0.0,21.0,0.0,-2.0,15.75,0.5,14.25,1.0,0.4,1.0,13.0,0.0,0.5
2026,3,Japanese Grand Prix,,Japanese Grand Prix,arvid_lindblad,rb,10.0,1.541,6.0,4.0,10,2.0,10.0,2,0,0,0,0.0,12.0,0.0,-4.0,10.0,2.5,,5.0,0.4,1.0,14.0,0.0,0.0
2026,3,Japanese Grand Prix,,Japanese Grand Prix,sainz,williams,16.0,2.255,9.6,2.0,12,1.0,12.0,2,0,0,0,0.0,9.0,2.0,2.0,14.5,0.5,8.0,1.0,0.4,1.0,15.0,0.0,0.0
2026,3,Japanese Grand Prix,,Japanese Grand Prix,colapinto,alpine,15.0,1.849,9.0,1.0,14,0.5,12.0,2,0,0,0,0.0,10.0,1.0,1.0,10.0,2.5,15.222222222222221,5.0,0.4,1.0,16.0,0.0,0.0
2026,3,Japanese Grand Prix,,Japanese Grand Prix,perez,cadillac,19.0,3.428,11.4,0.0,16,0.0,15.5,2,0,0,0,0.0,15.0,0.0,0.0,15.75,0.0,7.166666666666667,0.0,0.4,1.0,17.0,0.0,0.0
2026,3,Japanese Grand Prix,,Japanese Grand Prix,alonso,aston_martin,21.0,3.868,12.6,0.0,20,0.0,17.5,2,0,0,0,0.0,17.0,0.0,0.0,17.5,0.0,9.929824561403509,0.0,0.4,1.0,18.0,0.0,1.0
2026,3,Japanese Grand Prix,,Japanese Grand Prix,bottas,cadillac,20.0,3.552,12.0,0.0,17,0.0,16.0,2,0,0,0,0.0,13.0,0.0,0.0,15.75,0.0,12.4,0.0,0.4,1.0,19.0,0.0,0.5
2026,3,Japanese Grand Prix,,Japanese Grand Prix,albon,williams,17.0,2.31,10.2,0.0,19,0.0,17.0,2,0,0,0,0.0,22.0,0.0,0.0,14.5,0.5,12.956043956043956,1.0,0.4,1.0,20.0,0.0,0.5
2026,3,Japanese Grand Prix,,Japanese Grand Prix,stroll,aston_martin,22.0,4.142,13.2,0.0,21,0.0,17.5,2,0,0,0,0.0,18.0,0.0,0.0,17.5,0.0,12.410714285714286,0.0,0.4,1.0,21.0,0.0,0.5
2026,3,Japanese Grand Prix,,Japanese Grand Prix,bearman,haas,18.0,2.312,10.799999999999999,16.0,5,8.0,6.0,2,0,0,0,0.0,5.0,10.0,4.0,9.25,4.0,11.555555555555555,8.0,0.4,1.0,22.0,0.0,0.0
2026,4,Miami Grand Prix,,Miami Grand Prix,antonelli,mercedes,1.0,0.0,0.5,68.0,1,22.666666666666668,1.3333333333333333,3,2,3,2,1.0,1.0,25.0,7.0,1.8333333333333333,20.5,9.833333333333334,41.0,0.5,1.0,1.0,25.0,0.0
2026,4,Miami Grand Prix,,Miami Grand Prix,norris,mclaren,4.0,0.385,2.0,20.0,5,6.666666666666667,10.0,3,0,0,0,0.0,5.0,10.0,0.0,12.0,6.333333333333333,6.385964912280702,12.666666666666666,0.5,1.0,2.0,18.0,0.3333333333333333
2026,4,Miami Grand Prix,,Miami Grand Prix,piastri,mclaren,7.0,0.702,3.5,18.0,6,6.0,14.0,3,0,1,0,0.3333333333333333,2.0,18.0,18.0,12.0,6.333333333333333,6.628571428571429,12.666666666666666,0.5,1.0,3.0,15.0,0.6666666666666666
2026,4,Miami Grand Prix,,Miami Grand Prix,russell,mercedes,5.0,0.399,2.5,55.0,2,18.333333333333332,2.3333333333333335,3,1,2,1,0.6666666666666666,4.0,12.0,-13.0,1.8333333333333333,20.5,7.587719298245614,41.0,0.5,1.0,4.0,12.0,0.0
2026,4,Miami Grand Prix,,Miami Grand Prix,max_verstappen,red_bull,2.0,0.166,1.0,12.0,9,4.0,10.0,3,0,0,0,0.0,8.0,4.0,-4.0,11.666666666666666,2.6666666666666665,3.254385964912281,5.333333333333333,0.5,1.0,5.0,10.0,0.3333333333333333
2026,4,Miami Grand Prix,,Miami Grand Prix,hamilton,ferrari,6.0,0.521,3.0,35.0,4,11.666666666666666,4.333333333333333,3,0,1,0,0.3333333333333333,6.0,8.0,-4.0,3.8333333333333335,12.833333333333334,6.271929824561403,25.666666666666668,0.5,1.0,6.0,8.0,0.0
2026,4,Miami Grand Prix,,Miami Grand Prix,colapinto,alpine,8.0,0.964,4.0,1.0,16,0.3333333333333333,13.333333333333334,3,0,0,0,0.0,16.0,0.0,0.0,10.5,2.6666666666666665,15.222222222222221,5.333333333333333,0.5,1.0,7.0,6.0,0.0
2026,4,Miami Grand Prix,,Miami Grand Prix,leclerc,ferrari,3.0,0.345,1.5,42.0,3,14.0,3.3333333333333335,3,0,2,0,0.6666666666666666,3.0,15.0,0.0,3.8333333333333335,12.833333333333334,6.517543859649122,25.666666666666668,0.5,1.0,8.0,4.0,0.0
2026,4,Miami Grand Prix,,Miami Grand Prix,sainz,williams,13.0,1.77,6.5,2.0,13,0.6666666666666666,13.0,3,0,0,0,0.0,15.0,0.0,0.0,15.5,0.3333333333333333,8.0,0.6666666666666666,0.5,1.0,9.0,2.0,0.0
2026,4,Miami Grand Prix,,Miami Grand Prix,albon,williams,15.0,2.148,7.5,0.0,21,0.0,18.0,3,0,0,0,0.0,20.0,0.0,0.0,15.5,0.3333333333333333,12.956043956043956,0.6666666666666666,0.5,1.0,10.0,1.0,0.3333333333333333
2026,4,Miami Grand Prix,,Miami Grand Prix,bearman,haas,12.0,1.769,6.0,16.0,7,5.333333333333333,11.333333333333334,3,0,0,0,0.0,22.0,0.0,-6.0,11.5,2.8333333333333335,11.555555555555555,5.666666666666667,0.5,1.0,11.0,0.0,0.3333333333333333
2026,4,Miami Grand Prix,,Miami Grand Prix,bortoleto,audi,21.0,5.939,10.5,2.0,14,0.6666666666666666,14.333333333333334,3,0,0,0,0.0,13.0,0.0,-2.0,14.5,0.3333333333333333,14.25,0.6666666666666666,0.5,1.0,12.0,0.0,0.3333333333333333
2026,4,Miami Grand Prix,,Miami Grand Prix,ocon,haas,14.0,1.974,7.0,1.0,15,0.3333333333333333,11.666666666666666,3,0,0,0,0.0,10.0,1.0,1.0,11.5,2.8333333333333335,11.539823008849558,5.666666666666667,0.5,1.0,13.0,0.0,0.0
2026,4,Miami Grand Prix,,Miami Grand Prix,arvid_lindblad,rb,16.0,2.335,8.0,4.0,11,1.3333333333333333,11.333333333333334,3,0,0,0,0.0,14.0,0.0,-4.0,10.5,2.0,,4.0,0.5,1.0,14.0,0.0,0.0
2026,4,Miami Grand Prix,,Miami Grand Prix,alonso,aston_martin,17.0,3.3,8.5,0.0,20,0.0,17.666666666666668,3,0,0,0,0.0,18.0,0.0,0.0,18.166666666666668,0.0,9.929824561403509,0.0,0.5,1.0,15.0,0.0,0.6666666666666666
2026,4,Miami Grand Prix,,Miami Grand Prix,perez,cadillac,20.0,4.169,10.0,0.0,18,0.0,16.0,3,0,0,0,0.0,17.0,0.0,0.0,16.5,0.0,7.166666666666667,0.0,0.5,1.0,16.0,0.0,0.0
2026,4,Miami Grand Prix,,Miami Grand Prix,stroll,aston_martin,18.0,3.366,9.0,0.0,22,0.0,18.666666666666668,3,0,0,0,0.0,21.0,0.0,0.0,18.166666666666668,0.0,12.410714285714286,0.0,0.5,1.0,17.0,0.0,0.6666666666666666
2026,4,Miami Grand Prix,,Miami Grand Prix,bottas,cadillac,19.0,3.831,9.5,0.0,19,0.0,17.0,3,0,0,0,0.0,19.0,0.0,0.0,16.5,0.0,12.4,0.0,0.5,1.0,18.0,0.0,0.3333333333333333
2026,4,Miami Grand Prix,,Miami Grand Prix,hulkenberg,audi,10.0,1.641,5.0,0.0,17,0.0,14.666666666666666,3,0,0,0,0.0,11.0,0.0,0.0,14.5,0.3333333333333333,12.98611111111111,0.6666666666666666,0.5,1.0,19.0,0.0,0.3333333333333333
2026,4,Miami Grand Prix,,Miami Grand Prix,lawson,rb,11.0,1.701,5.5,8.0,10,2.6666666666666665,9.666666666666666,3,0,0,0,0.0,9.0,2.0,2.0,10.5,2.0,12.82857142857143,4.0,0.5,1.0,20.0,0.0,0.0
2026,4,Miami Grand Prix,,Miami Grand Prix,gasly,alpine,9.0,1.012,4.5,15.0,8,5.0,7.666666666666667,3,0,0,0,0.0,7.0,6.0,5.0,10.5,2.6666666666666665,12.052631578947368,5.333333333333333,0.5,1.0,21.0,0.0,0.0
2026,4,Miami Grand Prix,,Miami Grand Prix,hadjar,red_bull,22.0,0.991,11.0,4.0,12,1.3333333333333333,13.333333333333334,3,0,0,0,0.0,12.0,0.0,0.0,11.666666666666666,2.6666666666666665,11.791666666666666,5.333333333333333,0.5,1.0,22.0,0.0,0.3333333333333333
2026,5,Canadian Grand Prix,,Canadian Grand Prix,antonelli,mercedes,2.0,0.068,0.6000000000000001,93.0,1,23.25,1.25,4,3,4,3,1.0,1.0,25.0,7.0,2.0,20.0,9.833333333333334,-4.0,0.7,1.0,1.0,25.0,0.0
2026,5,Canadian Grand Prix,,Canadian Grand Prix,hamilton,ferrari,5.0,0.29,1.5000000000000002,43.0,4,10.75,4.75,4,0,1,0,0.25,6.0,8.0,-4.0,4.625,11.125,6.271929824561403,-6.333333333333332,0.7,1.0,2.0,18.0,0.0
2026,5,Canadian Grand Prix,,Canadian Grand Prix,max_verstappen,red_bull,6.0,0.329,1.8000000000000003,22.0,7,5.5,8.75,4,0,0,0,0.0,5.0,10.0,2.0,12.125,3.25,3.254385964912281,-2.0,0.7,1.0,3.0,15.0,0.25
2026,5,Canadian Grand Prix,,Canadian Grand Prix,leclerc,ferrari,8.0,0.398,2.4000000000000004,46.0,3,11.5,4.5,4,0,2,0,0.5,8.0,4.0,-11.0,4.625,11.125,6.517543859649122,-6.333333333333332,0.7,1.0,4.0,12.0,0.0
2026,5,Canadian Grand Prix,,Canadian Grand Prix,hadjar,red_bull,7.0,0.357,2.1000000000000005,4.0,14,1.0,15.5,4,0,0,0,0.0,22.0,0.0,0.0,12.125,3.25,11.791666666666666,-2.0,0.7,1.0,5.0,10.0,0.5
2026,5,Canadian Grand Prix,,Canadian Grand Prix,colapinto,alpine,10.0,1.119,3.0000000000000004,7.0,11,1.75,11.75,4,0,0,0,0.0,7.0,6.0,6.0,11.375,2.75,15.222222222222221,6.0,0.7,1.0,6.0,8.0,0.0
2026,5,Canadian Grand Prix,,Canadian Grand Prix,lawson,rb,12.0,1.319,3.6000000000000005,8.0,10,2.0,12.25,4,0,0,0,0.0,20.0,0.0,0.0,12.125,1.5,12.82857142857143,-1.3333333333333335,0.7,1.0,7.0,6.0,0.25
2026,5,Canadian Grand Prix,,Canadian Grand Prix,gasly,alpine,14.0,1.609,4.200000000000001,15.0,9,3.75,11.0,4,0,0,0,0.0,21.0,0.0,-1.0,11.375,2.75,12.052631578947368,6.0,0.7,1.0,8.0,4.0,0.25
2026,5,Canadian Grand Prix,,Canadian Grand Prix,sainz,williams,15.0,1.695,4.500000000000001,4.0,13,1.0,12.0,4,0,0,0,0.0,9.0,2.0,2.0,14.0,0.625,8.0,1.6666666666666667,0.7,1.0,9.0,2.0,0.0
2026,5,Canadian Grand Prix,,Canadian Grand Prix,bearman,haas,16.0,1.838,4.800000000000001,16.0,8,4.0,11.25,4,0,0,0,0.0,11.0,0.0,-6.0,11.625,2.125,11.555555555555555,-2.3333333333333335,0.7,1.0,10.0,1.0,0.25
2026,5,Canadian Grand Prix,,Canadian Grand Prix,piastri,mclaren,4.0,0.203,1.2000000000000002,33.0,6,8.25,11.25,4,0,2,0,0.5,3.0,15.0,15.0,9.625,8.875,6.628571428571429,10.333333333333332,0.7,1.0,11.0,0.0,0.5
2026,5,Canadian Grand Prix,,Canadian Grand Prix,hulkenberg,audi,11.0,1.308,3.3000000000000007,0.0,18,0.0,15.75,4,0,0,0,0.0,19.0,0.0,0.0,14.75,0.25,12.98611111111111,-2.0,0.7,1.0,12.0,0.0,0.5
2026,5,Canadian Grand Prix,,Canadian Grand Prix,bortoleto,audi,13.0,1.493,3.9000000000000004,2.0,15,0.5,13.75,4,0,0,0,0.0,12.0,0.0,-2.0,14.75,0.25,14.25,-2.0,0.7,1.0,13.0,0.0,0.25
2026,5,Canadian Grand Prix,,Canadian Grand Prix,ocon,haas,17.0,2.267,5.1000000000000005,1.0,16,0.25,12.0,4,0,0,0,0.0,13.0,0.0,0.0,11.625,2.125,11.539823008849558,-2.3333333333333335,0.7,1.0,14.0,0.0,0.0
2026,5,Canadian Grand Prix,,Canadian Grand Prix,stroll,aston_martin,22.0,3.617,6.600000000000001,0.0,22,0.0,18.25,4,0,0,0,0.0,17.0,0.0,0.0,17.625,0.0,12.410714285714286,0.0,0.7,1.0,15.0,0.0,0.5
2026,5,Canadian Grand Prix,,Canadian Grand Prix,bottas,cadillac,21.0,3.694,6.300000000000001,0.0,21,0.0,17.25,4,0,0,0,0.0,18.0,0.0,0.0,16.625,0.0,12.4,0.0,0.7,1.0,16.0,0.0,0.25
2026,5,Canadian Grand Prix,,Canadian Grand Prix,perez,cadillac,20.0,2.851,6.000000000000001,0.0,19,0.0,16.0,4,0,0,0,0.0,16.0,0.0,0.0,16.625,0.0,7.166666666666667,0.0,0.7,1.0,17.0,0.0,0.0
2026,5,Canadian Grand Prix,,Canadian Grand Prix,norris,mclaren,3.0,0.151,0.9000000000000001,38.0,5,9.5,8.0,4,0,1,0,0.25,2.0,18.0,8.0,9.625,8.875,6.385964912280702,10.333333333333332,0.7,1.0,18.0,0.0,0.25
2026,5,Canadian Grand Prix,,Canadian Grand Prix,russell,mercedes,1.0,0.0,0.30000000000000004,67.0,2,16.75,2.75,4,1,2,1,0.5,4.0,12.0,-13.0,2.0,20.0,7.587719298245614,-4.0,0.7,1.0,19.0,0.0,0.0
2026,5,Canadian Grand Prix,,Canadian Grand Prix,alonso,aston_martin,19.0,2.618,5.700000000000001,0.0,20,0.0,17.0,4,0,0,0,0.0,15.0,0.0,0.0,17.625,0.0,9.929824561403509,0.0,0.7,1.0,20.0,0.0,0.5
2026,5,Canadian Grand Prix,,Canadian Grand Prix,albon,williams,18.0,2.273,5.4,1.0,17,0.25,16.0,4,0,0,0,0.0,10.0,1.0,1.0,14.0,0.625,12.956043956043956,1.6666666666666667,0.7,1.0,21.0,0.0,0.25
2026,5,Canadian Grand Prix,,Canadian Grand Prix,arvid_lindblad,rb,9.0,0.702,2.7,4.0,12,1.0,12.0,4,0,0,0,0.0,14.0,0.0,-4.0,12.125,1.5,,-1.3333333333333335,0.7,1.0,22.0,0.0,0.0
2026,6,Monaco Grand Prix,,Monaco Grand Prix,antonelli,mercedes,,0.0,,118.0,1,23.6,1.2,5,4,5,3,1.0,1.0,25.0,7.0,3.6,18.5,9.833333333333334,-10.0,0.2,1.0,1.0,25.0,0.0
2026,6,Monaco Grand Prix,,Monaco Grand Prix,hamilton,ferrari,,0.228,,61.0,3,12.2,4.2,5,0,2,0,0.4,2.0,18.0,6.0,4.3,11.9,6.271929824561403,-5.333333333333332,0.2,1.0,2.0,18.0,0.0
2026,6,Monaco Grand Prix,,Monaco Grand Prix,hadjar,red_bull,,0.383,,14.0,12,2.8,13.4,5,0,0,0,0.0,5.0,10.0,10.0,10.5,5.1,11.791666666666666,7.0,0.2,1.0,3.0,15.0,0.4
2026,6,Monaco Grand Prix,,Monaco Grand Prix,piastri,mclaren,,0.573,,33.0,7,6.6,11.2,5,0,2,0,0.4,11.0,0.0,0.0,10.6,7.1,6.628571428571429,15.333333333333332,0.2,1.0,4.0,12.0,0.4
2026,6,Monaco Grand Prix,,Monaco Grand Prix,lawson,rb,,1.361,,14.0,11,2.8,11.2,5,0,0,0,0.0,7.0,6.0,6.0,12.6,1.8,12.82857142857143,-2.3333333333333335,0.2,1.0,5.0,10.0,0.2
2026,6,Monaco Grand Prix,,Monaco Grand Prix,arvid_lindblad,rb,,2.197,,4.0,14,0.8,14.0,5,0,0,0,0.0,22.0,0.0,-4.0,12.6,1.8,,-2.3333333333333335,0.2,1.0,6.0,8.0,0.2
2026,6,Monaco Grand Prix,,Monaco Grand Prix,gasly,alpine,,1.175,,19.0,8,3.8,10.4,5,0,0,0,0.0,8.0,4.0,3.0,10.5,3.4,12.052631578947368,3.0,0.2,1.0,7.0,6.0,0.2
2026,6,Monaco Grand Prix,,Monaco Grand Prix,albon,williams,,1.736,,1.0,17,0.2,17.0,5,0,0,0,0.0,21.0,0.0,0.0,14.2,0.7,12.956043956043956,0.6666666666666667,0.2,1.0,8.0,4.0,0.4
2026,6,Monaco Grand Prix,,Monaco Grand Prix,ocon,haas,,2.671,,1.0,16,0.2,12.4,5,0,0,0,0.0,14.0,0.0,0.0,11.7,1.8,11.539823008849558,-7.333333333333333,0.2,1.0,9.0,2.0,0.0
2026,6,Monaco Grand Prix,,Monaco Grand Prix,perez,cadillac,,2.696,,0.0,19,0.0,16.2,5,0,0,0,0.0,17.0,0.0,0.0,16.6,0.0,7.166666666666667,0.0,0.2,1.0,10.0,1.0,0.2
2026,6,Monaco Grand Prix,,Monaco Grand Prix,alonso,aston_martin,,3.298,,0.0,21,0.0,17.6,5,0,0,0,0.0,20.0,0.0,0.0,17.6,0.0,9.929824561403509,0.0,0.2,1.0,11.0,0.0,0.6
2026,6,Monaco Grand Prix,,Monaco Grand Prix,bortoleto,audi,,2.632,,2.0,15,0.4,13.6,5,0,0,0,0.0,13.0,0.0,-2.0,14.3,0.2,14.25,-1.0,0.2,1.0,12.0,0.0,0.2
2026,6,Monaco Grand Prix,,Monaco Grand Prix,russell,mercedes,,0.394,,67.0,2,13.4,6.0,5,1,2,2,0.4,19.0,0.0,-25.0,3.6,18.5,7.587719298245614,-10.0,0.2,1.0,13.0,0.0,0.2
2026,6,Monaco Grand Prix,,Monaco Grand Prix,hulkenberg,audi,,1.851,,0.0,18,0.0,15.0,5,0,0,0,0.0,12.0,0.0,0.0,14.3,0.2,12.98611111111111,-1.0,0.2,1.0,14.0,0.0,0.4
2026,6,Monaco Grand Prix,,Monaco Grand Prix,colapinto,alpine,,1.944,,15.0,10,3.0,10.6,5,0,0,0,0.0,6.0,8.0,8.0,10.5,3.4,15.222222222222221,3.0,0.2,1.0,15.0,0.0,0.0
2026,6,Monaco Grand Prix,,Monaco Grand Prix,sainz,williams,,1.764,,6.0,13,1.2,11.4,5,0,0,0,0.0,9.0,2.0,2.0,14.2,0.7,8.0,0.6666666666666667,0.2,1.0,16.0,0.0,0.0
2026,6,Monaco Grand Prix,,Monaco Grand Prix,leclerc,ferrari,,0.3,,58.0,4,11.6,4.4,5,0,2,0,0.4,4.0,12.0,-3.0,4.3,11.9,6.517543859649122,-5.333333333333332,0.2,1.0,17.0,0.0,0.0
2026,6,Monaco Grand Prix,,Monaco Grand Prix,stroll,aston_martin,,4.01,,0.0,22,0.0,17.6,5,0,0,0,0.0,15.0,0.0,0.0,17.6,0.0,12.410714285714286,0.0,0.2,1.0,18.0,0.0,0.4
2026,6,Monaco Grand Prix,,Monaco Grand Prix,norris,mclaren,,0.714,,38.0,5,7.6,10.0,5,0,1,0,0.2,18.0,0.0,-10.0,10.6,7.1,6.385964912280702,15.333333333333332,0.2,1.0,19.0,0.0,0.4
2026,6,Monaco Grand Prix,,Monaco Grand Prix,bearman,haas,,2.763,,17.0,9,3.4,11.0,5,0,0,0,0.0,10.0,1.0,-5.0,11.7,1.8,11.555555555555555,-7.333333333333333,0.2,1.0,20.0,0.0,0.2
2026,6,Monaco Grand Prix,,Monaco Grand Prix,bottas,cadillac,,3.232,,0.0,20,0.0,17.0,5,0,0,0,0.0,16.0,0.0,0.0,16.6,0.0,12.4,0.0,0.2,1.0,21.0,0.0,0.2
2026,6,Monaco Grand Prix,,Monaco Grand Prix,max_verstappen,red_bull,,0.043,,37.0,6,7.4,7.6,5,0,1,0,0.2,3.0,15.0,7.0,10.5,5.1,3.254385964912281,7.0,0.2,1.0,22.0,0.0,0.2
